id;prenom;nom;email;num_tel
1;primary driver;Burkina Faso Special;"R,j`@/xpwMB";Checking Account
2;Rustic Louisiana wit;teal Tasty;"X_P3@rtB>qe3jZWf";fuchsia Row Handmade Frozen Computer
3;Credit Card Account ;deposit;"6sJm@gcx4H|8<s%";cross-platform Lesotho back-end
4;Ohio;strategic;"3OZ^R@l7-XIj(7";PlasticXXX
6;Future-proofed;bandwidth Credit Car;"-u@E@vp";Money Market Account SCSI
7;archive;Steel productize cha;"hy#LfX@;9Up_+;jg";parseXXXXX
8;orange SAS;invoice matrices;":`#*W@biN(.r}r%";accessXXXX
9;Shoes quantify onlin;Checking Account Bal;"D>0@Fp2akW1~";e-tailers Meadows Garden
10;Venezuela;Checking Account;"&C3o9}@<7Y4-sT";Mouse Applications Lakes
